"","Date","Berri1","Boyer","Brébeuf","CSC (Côte Sainte-Catherine)","Maisonneuve_2","Maisonneuve_3","Notre-Dame","Parc","PierDup","Rachel / Hôtel de Ville","Rachel / Papineau","René-Lévesque","Saint-Antoine","Saint-Urbain","Totem_Laurier","University","Viger"
"1","01/01/2015",58,12,4,17,49,21,16,16,7,58,91,24,3,17,78,21,6
"2","02/01/2015",75,7,5,15,113,27,9,32,11,109,177,32,13,11,57,77,4
"3","03/01/2015",79,7,3,7,107,36,12,18,2,71,131,33,5,14,174,40,5
"4","04/01/2015",10,1,21,0,35,29,1,0,0,6,11,6,1,1,20,6,0
"5","05/01/2015",42,0,2,0,90,21,1,1,6,0,5,49,20,0,41,56,10
"6","06/01/2015",101,0,1,1,153,38,3,22,1,1,12,64,23,29,121,91,5
"7","07/01/2015",121,15,5,3,144,35,1,43,0,11,24,40,3,5,120,63,4
"8","08/01/2015",70,0,36,0,139,36,4,55,0,38,67,21,7,1,83,78,2
"9","09/01/2015",88,3,5,0,135,26,12,46,1,26,63,14,10,1,166,79,1
"10","10/01/2015",29,7,6,0,70,17,3,20,0,15,29,0,7,0,32,41,1
"11","11/01/2015",66,4,2,4,89,27,3,15,0,20,27,11,5,0,38,32,2
"12","12/01/2015",183,4,4,16,323,62,7,62,0,17,99,63,22,0,84,157,15
"13","13/01/2015",183,2,9,17,250,41,9,77,7,10,115,15,26,0,72,137,20
"14","14/01/2015",183,2,6,33,276,48,16,81,3,7,166,19,39,0,98,153,11
"15","15/01/2015",183,1,7,32,297,52,17,59,0,9,198,28,25,0,62,189,8
"16","16/01/2015",177,5,2,7,280,50,14,62,4,15,199,28,23,0,92,133,8
"17","17/01/2015",48,2,0,0,75,22,3,10,0,1,83,5,9,0,36,24,0
"18","18/01/2015",84,1,4,2,108,34,6,17,1,2,127,22,16,0,30,46,5
"19","19/01/2015",256,1,1,14,321,65,6,55,0,15,245,86,37,0,167,178,11
"20","20/01/2015",262,3,6,20,302,47,21,58,3,76,243,70,32,0,201,164,23
"21","21/01/2015",242,2,4,36,328,41,13,70,4,117,280,64,32,2,221,188,32
"22","22/01/2015",278,17,5,52,382,52,35,63,3,137,313,103,49,1,221,245,43
"23","23/01/2015",307,8,7,45,355,50,22,62,2,135,332,123,56,0,179,206,26
"24","24/01/2015",163,1,5,14,170,33,6,14,5,124,200,40,15,0,136,82,13
"25","25/01/2015",81,0,1,6,95,17,7,11,0,65,157,34,8,0,133,50,16
"26","26/01/2015",234,3,6,36,340,32,24,50,2,116,310,108,47,2,258,194,44
"27","27/01/2015",276,1,2,51,320,57,20,64,1,135,276,99,46,3,263,205,43
"28","28/01/2015",335,0,12,51,384,60,16,45,0,118,338,106,49,10,244,210,36
"29","29/01/2015",327,10,38,65,437,66,19,48,3,156,386,139,48,11,245,231,34
"30","30/01/2015",181,1,3,9,294,57,15,47,1,99,233,98,23,7,155,145,11
"31","31/01/2015",65,3,0,2,95,20,8,5,1,57,115,16,8,3,141,38,3
"32","01/02/2015",54,2,2,6,67,18,13,13,1,49,127,17,5,6,124,27,3
"33","02/02/2015",127,0,53,10,182,48,12,43,0,57,144,39,4,6,529,94,12
"34","03/02/2015",203,0,45,26,273,63,10,46,0,65,190,33,16,6,550,145,10
"35","04/02/2015",263,1,18,12,288,57,14,60,1,88,231,33,9,23,308,144,10
"36","05/02/2015",236,0,85,4,280,44,12,32,3,140,293,62,33,19,246,162,13
"37","06/02/2015",193,1,36,8,261,57,24,36,0,82,251,67,17,15,358,157,15
"38","07/02/2015",79,3,1,1,106,18,2,14,0,43,104,26,10,8,118,54,4
"39","08/02/2015",36,3,0,0,57,11,2,5,0,19,51,9,0,2,299,24,1
"40","09/02/2015",120,3,13,0,205,52,0,40,0,52,174,54,4,2,273,134,5
"41","10/02/2015",260,2,8,0,333,58,0,42,0,117,234,95,42,0,454,183,47
"42","11/02/2015",300,0,7,0,350,73,0,64,3,134,248,105,28,0,343,194,24
"43","12/02/2015",226,15,16,1,289,48,0,48,0,112,210,86,18,8,275,158,14
"44","13/02/2015",163,3,37,3,218,36,13,42,0,47,159,79,12,68,213,129,8
"45","14/02/2015",53,0,13,1,79,12,5,5,0,20,92,16,2,24,78,28,4
"46","15/02/2015",68,0,5,0,103,19,2,6,2,41,505,19,3,11,48,29,7
"47","16/02/2015",193,0,11,11,231,47,13,45,0,62,211,82,32,39,132,119,24
"48","17/02/2015",250,0,43,29,270,63,14,55,0,92,251,91,34,76,133,175,28
"49","18/02/2015",261,0,19,30,322,71,18,45,3,126,255,105,24,85,214,211,31
"50","19/02/2015",224,0,12,8,236,57,11,38,1,59,215,86,0,12,225,146,14
"51","20/02/2015",137,0,10,0,181,34,6,30,0,17,91,30,3,2,124,96,15
"52","21/02/2015",59,0,10,0,89,17,2,2,3,23,55,4,4,16,91,46,6
"53","22/02/2015",94,0,0,0,84,8,0,0,0,23,63,22,3,10,126,25,3
"54","23/02/2015",170,0,0,0,238,42,0,0,0,57,221,51,29,0,107,130,4
"55","24/02/2015",241,0,7,0,247,56,3,0,0,62,255,75,40,2,190,192,8
"56","25/02/2015",252,0,20,1,301,62,2,0,0,84,61,104,40,3,196,196,30
"57","26/02/2015",250,0,4,12,261,62,4,0,0,78,25,90,39,5,223,168,24
"58","27/02/2015",248,0,5,1,249,65,14,0,0,86,149,99,43,4,242,140,24
"59","28/02/2015",119,0,2,0,119,44,3,0,0,69,144,19,10,6,150,56,6
"60","01/03/2015",96,0,0,1,110,22,7,0,0,56,144,27,8,6,151,53,9
"61","02/03/2015",222,0,4,16,318,51,9,1,0,102,228,111,41,18,180,157,24
"62","03/03/2015",274,0,6,29,350,61,12,0,0,106,244,111,47,18,190,187,27
"63","04/03/2015",247,0,31,0,317,57,7,1,0,139,285,102,21,5,137,143,24
"64","05/03/2015",281,0,63,0,343,68,14,29,0,120,328,117,52,37,217,192,35
"65","06/03/2015",192,0,6,2,283,74,7,11,0,107,277,95,39,56,308,148,48
"66","07/03/2015",98,0,6,7,140,29,5,8,0,101,184,33,14,58,329,52,10
"67","08/03/2015",83,0,1,3,139,26,5,4,0,71,157,21,8,64,161,47,5
"68","09/03/2015",350,0,12,6,475,74,12,18,0,220,442,143,62,175,299,281,57
"69","10/03/2015",516,0,15,61,757,149,23,36,0,294,541,180,78,309,469,433,68
"70","11/03/2015",692,0,26,214,888,230,22,69,0,489,718,237,102,384,574,505,93
"71","12/03/2015",481,0,31,219,762,123,19,35,2,326,618,183,63,330,485,449,66
"72","13/03/2015",401,0,35,199,610,156,27,44,1,328,535,168,63,315,480,392,56
"73","14/03/2015",156,0,17,56,249,70,12,18,0,190,279,42,12,124,276,151,14
"74","15/03/2015",100,0,17,0,95,17,1,0,0,66,100,26,6,19,64,34,5
"75","16/03/2015",327,0,27,1,483,84,7,1,0,217,354,139,46,77,288,285,23
"76","17/03/2015",360,0,10,79,516,93,9,1,0,227,409,144,53,182,336,309,32
"77","18/03/2015",377,0,5,103,532,101,14,0,0,241,463,134,57,136,286,342,46
"78","19/03/2015",435,0,1,0,608,115,19,1,0,236,465,163,68,224,385,367,38
"79","20/03/2015",523,0,1,0,686,156,27,12,0,385,521,159,71,279,387,381,47
"80","21/03/2015",202,0,0,0,204,51,5,6,0,140,247,48,17,119,199,88,16
"81","22/03/2015",110,0,1,0,107,24,1,2,0,87,180,35,7,70,150,21,13
"82","23/03/2015",342,0,0,0,420,86,18,5,0,199,387,160,59,171,342,263,48
"83","24/03/2015",536,0,4,0,731,141,45,0,0,487,581,201,74,281,460,409,50
"84","25/03/2015",658,0,1,0,906,230,37,0,0,470,772,265,70,374,571,579,72
"85","26/03/2015",530,0,10,0,841,197,36,0,0,364,646,209,18,372,484,561,82
"86","27/03/2015",502,0,9,0,643,147,42,0,0,340,613,182,14,284,502,363,46
"87","28/03/2015",313,0,8,54,384,78,19,0,3,354,503,109,2,211,385,184,22
"88","29/03/2015",375,0,13,0,484,123,35,0,3,421,570,127,3,256,419,213,22
"89","30/03/2015",439,0,21,156,637,141,47,0,1,304,531,187,25,251,512,410,58
"90","31/03/2015",729,0,20,449,1074,242,101,0,9,593,1018,306,3,412,698,664,91
"91","01/04/2015",989,0,281,594,1380,272,148,446,16,763,1197,343,33,568,853,834,100
"92","02/04/2015",870,0,397,601,1429,337,143,825,38,807,1222,396,0,707,879,839,162
"93","03/04/2015",993,905,925,520,1323,344,199,722,226,1289,1773,443,0,662,1002,597,66
"94","04/04/2015",189,156,60,55,338,78,29,136,5,323,455,65,0,140,304,147,18
"95","05/04/2015",228,218,65,114,379,106,43,234,19,365,500,114,0,238,381,174,24
"96","06/04/2015",398,282,279,235,653,175,84,404,20,468,729,192,0,301,509,377,47
"97","07/04/2015",1294,759,841,873,1904,400,288,1075,67,1001,1443,505,0,778,1116,1174,136
"98","08/04/2015",1430,709,985,883,1883,443,373,1132,29,772,1476,580,0,801,1203,1173,135
"99","09/04/2015",1498,831,1025,882,1994,486,336,1172,43,917,1664,526,0,871,1057,1339,165
"100","10/04/2015",795,446,610,382,1133,255,165,715,14,812,979,271,0,526,773,716,90
"101","11/04/2015",779,831,943,467,1055,316,217,636,121,637,1355,298,0,569,1011,567,70
"102","12/04/2015",1699,2083,2141,853,1612,704,667,1078,589,2264,2500,777,0,844,1630,806,75
"103","13/04/2015",2990,2394,3047,1768,3636,1139,1182,2332,439,2233,3328,1522,0,1521,2303,2389,327
"104","14/04/2015",2890,2214,2880,1694,3561,1049,1028,2199,306,2025,3051,1274,0,1584,2156,2277,292
"105","15/04/2015",3449,2412,3305,1720,3986,1118,1283,2500,483,2330,3291,1551,0,1627,2615,2588,297
"106","16/04/2015",3639,2656,3526,1798,4300,1189,1269,2514,496,2441,3564,1599,0,1762,2646,2721,345
"107","17/04/2015",3320,2595,3196,1580,4153,1192,1091,2327,436,2485,3540,1495,0,1745,2909,2630,316
"108","18/04/2015",1225,1429,1471,628,1618,492,384,813,269,1372,1853,411,0,864,1548,730,76
"109","19/04/2015",2147,2663,2689,1019,2314,873,891,1302,977,2659,3252,1036,0,1205,2043,1093,101
"110","20/04/2015",1419,894,1318,711,1800,495,524,1243,83,950,1510,686,0,808,1287,1328,200
"111","21/04/2015",1446,946,1370,754,1898,494,409,1201,156,1187,1609,516,0,849,1442,1248,137
"112","22/04/2015",2119,1292,1897,713,2280,708,734,1595,152,1364,2086,896,0,1184,1829,1703,237
"113","23/04/2015",1670,1101,1604,555,2112,567,513,1384,136,1183,1845,673,0,996,1550,1404,151
"114","24/04/2015",1706,1220,1689,794,2183,615,532,1419,114,1276,1917,678,0,1052,1800,1473,175
"115","25/04/2015",1368,1451,1532,625,1751,515,424,851,289,1539,1962,501,0,893,1809,856,72
"116","26/04/2015",1553,1888,2043,821,1846,711,507,1040,523,1840,2241,550,0,998,1874,920,76
"117","27/04/2015",2317,1550,2196,1125,2911,825,749,1710,244,1591,2357,1005,0,1365,1970,1889,213
"118","28/04/2015",4359,3320,4443,2074,4881,1437,1791,2920,860,3165,4244,2194,0,2419,3269,3193,417
"119","29/04/2015",4237,3376,4270,1978,4909,1499,1735,2944,705,3114,4424,2236,0,2392,3560,3074,408
"120","30/04/2015",4433,3408,4343,2095,5196,1427,1690,2926,706,3131,4337,2283,0,2487,3699,3175,390
"121","01/05/2015",4762,3902,4883,1947,5481,1503,1744,3028,917,3634,4643,2334,0,2536,3964,3249,465
"122","02/05/2015",4244,4698,4789,1682,4499,1609,1725,1919,1529,3898,4993,2027,0,1932,4017,1746,218
"123","03/05/2015",4474,4936,5247,1741,4268,1470,1877,2234,1627,4924,5666,2076,0,2063,3877,1870,250
"124","04/05/2015",5402,4104,5244,2558,5934,1700,2214,3383,1060,3192,4593,2845,0,2775,3968,3764,582
"125","05/05/2015",6394,4779,6079,2954,7194,1909,2519,3950,2213,4097,5124,3289,0,3302,4342,4457,630
"126","06/05/2015",6496,5067,6182,2337,7135,1949,2640,3966,2293,3906,5936,3394,0,3335,4301,4396,590
"127","07/05/2015",6952,5323,6449,3039,7407,2009,2725,3977,2445,4173,5541,3564,0,3451,4728,4474,739
"128","08/05/2015",6837,5536,6680,2682,7011,1896,2714,3803,2633,4277,5891,3432,0,3410,5151,4089,653
"129","09/05/2015",2896,3316,3489,1231,3626,1038,1049,1595,1753,2914,3785,1290,0,1673,3018,1615,242
"130","10/05/2015",2060,2250,2543,965,2345,788,801,1124,1067,2146,2746,959,0,1141,2225,1107,149
"131","11/05/2015",1490,1070,1424,721,1872,472,468,1098,224,1327,1500,687,0,946,1512,1214,125
"132","12/05/2015",3044,1987,2782,1329,3935,1011,975,2215,694,2160,2735,1425,0,1805,2474,2504,268
"133","13/05/2015",5747,4293,5328,2416,6541,1635,2313,3677,1794,3982,4991,3007,0,3066,4043,4136,549
"134","14/05/2015",6505,4732,5968,2650,6708,1797,2429,3885,2212,4114,5671,3185,0,3386,4439,4307,651
"135","15/05/2015",5533,4066,5188,2127,6100,1569,2109,3328,2128,3830,5035,2758,68,2983,3869,3787,605
"136","16/05/2015",2433,2640,2616,906,3199,803,859,1448,1085,2433,3086,1116,87,1445,2285,1349,146
"137","17/05/2015",4634,5099,5404,1594,4437,1436,2080,2409,4500,4834,5904,2633,113,1949,3253,2002,305
"138","18/05/2015",4155,4351,4682,1490,3701,1366,1950,1860,3761,3510,5148,2306,103,1828,2885,1708,232
"139","19/05/2015",5203,3422,4645,2015,5720,1525,1797,3166,1257,3352,4455,2309,164,2593,3388,3567,561
"140","20/05/2015",5698,3840,5240,2418,5947,1636,2058,3404,1398,3646,4814,2772,145,2951,3835,3858,426
"141","21/05/2015",6031,4271,5598,2423,6706,1713,2149,3565,1875,3891,5131,2860,152,3082,3687,4175,662
"142","22/05/2015",4478,3118,4121,1697,5095,1251,1551,2825,1110,2973,3854,2144,101,2494,2974,3321,549
"143","23/05/2015",3285,3171,3484,1129,3433,947,1107,1549,1554,3385,3841,1333,98,1739,2555,1540,267
"144","24/05/2015",3891,4183,4422,1300,3971,1321,1487,2063,2761,4300,4884,1969,78,1690,2887,1889,309
"145","25/05/2015",2891,1878,2687,1214,3096,850,1084,1908,664,1911,2693,1474,83,1547,2038,2250,327
"146","26/05/2015",6492,4555,6124,2555,6955,1916,2544,3914,2483,4215,5553,3262,173,3052,3823,4601,680
"147","27/05/2015",5964,4132,5809,2301,6617,1776,2269,3644,1512,3754,5005,2959,195,2989,3567,4461,660
"148","28/05/2015",4657,3156,4376,1858,5368,1485,1862,2991,1204,3095,4064,2498,142,2519,2922,3707,578
"149","29/05/2015",7093,6153,7322,2719,7772,2174,2872,4867,3059,7197,7695,3782,332,4342,5166,5017,717
"150","30/05/2015",3304,3716,3783,1250,3608,1082,1163,1899,1162,3563,4604,1550,83,1733,3046,1624,200
"151","31/05/2015",2430,3524,3329,1720,3324,945,790,3034,785,7921,5636,1153,71,2579,3126,2207,187
"152","01/06/2015",3319,2178,3011,1304,3652,939,1067,2074,338,2311,2794,1508,85,1778,2465,2704,326
"153","02/06/2015",3158,2037,2814,1266,3666,1003,1074,1982,327,2240,2800,1551,90,1644,2213,2551,229
"154","03/06/2015",6444,4736,5983,2616,6951,1919,2609,3882,1244,4443,5530,3477,189,3078,3992,4532,659
"155","04/06/2015",7242,5461,6843,2863,7905,2183,3014,4272,1487,4829,6210,4118,183,3193,4092,5039,768
"156","05/06/2015",4074,2763,3660,1490,4590,1154,1433,2618,559,2849,3808,1947,151,1695,2712,2922,431
"157","06/06/2015",4310,4527,4770,1561,4326,1334,1841,2125,1538,4462,5061,2342,109,1868,3187,2178,334
"158","07/06/2015",3592,4261,4262,1542,3804,1241,1682,1982,1629,4059,4851,2009,72,1596,2720,1762,294
"159","08/06/2015",1705,1271,1737,853,2253,619,625,1238,168,1523,1936,940,75,1021,1411,1456,176
"160","09/06/2015",3388,2180,3065,1537,3785,1035,1281,2206,515,2346,3093,1722,101,1754,2313,2546,350
"161","10/06/2015",6341,4437,5744,2684,6467,1816,2742,3750,2338,4138,5317,3482,192,3077,3593,4197,673
"162","11/06/2015",6136,4232,5644,2261,6462,1716,2420,3608,1802,4009,4825,3195,171,2908,3665,4136,649
"163","12/06/2015",3600,2547,3407,1329,3965,1008,1474,2410,923,2539,3365,1894,133,1687,2543,2693,430
"164","13/06/2015",5493,4943,5433,1577,4630,1604,2176,2157,3327,4891,5588,2723,184,2322,3213,2040,522
"165","14/06/2015",5253,5064,5531,1713,4535,1579,2360,2540,3878,5053,5951,2848,120,2007,3174,2210,350
"166","15/06/2015",4427,3165,4169,1884,5124,1380,1747,2786,1493,3118,4321,2322,107,2091,2623,3254,486
"167","16/06/2015",3120,1969,2757,1179,3516,985,1032,1884,709,1998,2688,1473,122,1341,1943,2217,291
"168","17/06/2015",7387,5303,7003,2941,7669,2133,2994,4131,3317,4893,6221,3805,157,2873,3912,4698,729
"169","18/06/2015",6520,4688,6113,2473,6766,1965,2618,3720,2324,4197,5348,3295,175,2633,2269,4246,689
"170","19/06/2015",6273,4715,5943,2251,6755,1844,2621,3552,2248,4501,5163,3417,195,2618,3605,4026,670
"171","20/06/2015",5523,5066,5504,1590,4846,1751,2220,2264,3938,4400,5634,2669,193,1982,3168,2219,338
"172","21/06/2015",2157,2369,2586,938,2853,876,918,1271,1090,2673,3140,1129,63,1001,1883,1246,158
"173","22/06/2015",5346,4204,5538,2353,6040,1868,2350,3381,2092,3939,5167,3143,163,2126,3311,3954,632
"174","23/06/2015",4062,3171,4193,1579,4643,1216,1520,2439,966,2781,4142,1968,136,1746,2702,2902,390
"175","24/06/2015",4818,5447,5085,1759,4076,1688,2293,2102,4787,4016,5687,2742,138,1566,3128,1800,339
"176","25/06/2015",5953,4986,6312,2494,7027,1911,2573,3698,2340,4199,5321,3396,217,2599,3314,4362,773
"177","26/06/2015",6768,4938,6539,2140,6916,1882,2865,3450,2558,4213,5758,3737,153,3063,3648,3860,629
"178","27/06/2015",5175,4399,5065,1347,4614,1388,2181,2234,3908,3810,5035,2804,124,1863,3145,1874,325
"179","28/06/2015",732,724,836,323,967,255,277,476,86,792,1132,307,32,406,855,385,40
"180","29/06/2015",4305,3201,4406,1846,5298,1446,1700,2786,1409,3041,4162,2399,266,2179,2969,3287,425
"181","30/06/2015",5449,4144,5376,2038,6091,1730,2453,3178,2299,3562,4796,3005,275,2502,3630,3846,656
"182","01/07/2015",1459,1360,1724,609,1617,476,516,768,462,1300,1887,735,111,864,1410,784,147
"183","02/07/2015",5790,4824,6187,2370,6973,1876,2558,3611,2282,4030,5956,3365,457,2922,4105,4102,694
"184","03/07/2015",6806,5188,6570,2209,7021,1984,2966,3391,3026,4183,6389,3862,444,2999,4276,3737,690
"185","04/07/2015",5559,4558,5370,1402,3115,1362,2217,2130,4233,3609,5282,3168,427,2131,3091,1842,386
"186","05/07/2015",5144,4434,5091,1364,4370,1505,2195,2117,4126,4177,5191,2616,278,2016,3273,1772,369
"187","06/07/2015",6049,4914,6493,2347,6768,2151,2870,3647,3036,3707,6058,3569,461,2581,4159,4243,710
"188","07/07/2015",4590,3484,4726,1787,5383,1489,1896,2954,1529,2773,4495,2549,544,2240,3438,3502,603
"189","08/07/2015",6586,5329,6724,2575,7085,2306,3035,3827,2936,4324,6348,3844,643,2920,4277,4494,730
"190","09/07/2015",6339,4947,6263,2393,7233,2181,2844,3714,2734,3780,5478,3616,697,2853,4359,4297,701
"191","10/07/2015",6371,4966,6341,2007,6699,1964,2822,3289,3033,4163,5942,3670,545,2693,4214,3884,656
"192","11/07/2015",4801,4363,4965,1288,4473,1358,1990,1894,3607,3337,5179,2683,335,1968,3299,1802,325
"193","12/07/2015",4043,3908,4278,1257,3805,1227,1744,1787,3422,3450,4704,2087,222,1674,3031,1694,273
"194","13/07/2015",5388,4282,5728,2145,6192,1931,2465,3156,2315,3202,4785,3011,468,2274,3954,3769,686
"195","14/07/2015",5361,4107,5597,2083,6429,1880,2370,3185,2092,3455,4617,2785,558,2383,3885,3963,666
"196","15/07/2015",6904,5074,6809,2628,7547,2211,2962,3839,3216,4287,6096,4061,760,3432,4467,4518,820
"197","16/07/2015",6870,5003,6658,2452,7181,2274,2973,3703,3315,4165,6232,3758,561,3256,4423,4212,736
"198","17/07/2015",5189,4085,5365,1880,5944,1794,2405,3024,2515,3552,4919,3124,387,2606,3778,2731,569
"199","18/07/2015",3017,2559,2938,901,3306,837,1005,1367,1323,2403,3440,1630,176,1686,2443,1029,219
"200","19/07/2015",2478,2298,2605,878,2617,865,887,1228,1457,2309,3067,1112,136,1273,2332,932,181
"201","20/07/2015",5807,4628,6215,2315,6569,2179,2857,3595,3288,3940,5877,3607,595,2711,3988,3577,788
"202","21/07/2015",3114,2222,3195,1247,3897,1211,1276,2052,1044,2183,2554,1721,294,1637,2428,2294,452
"203","22/07/2015",5396,4174,5628,2296,6700,9999,2562,3360,2929,3849,5288,3301,777,2575,3928,4088,723
"204","23/07/2015",5414,4226,5476,2187,6324,1872,2537,3192,2408,3750,5542,3214,400,2671,3900,3512,648
"205","24/07/2015",4051,3306,4378,1422,4898,1391,1659,2359,1536,3077,4174,2180,327,2103,3382,2712,454
"206","25/07/2015",4193,3666,4524,1225,3917,1411,1933,1823,3909,3180,4648,2568,307,1939,3053,1680,314
"207","26/07/2015",3136,3236,3642,1133,2963,1132,1368,1555,2509,3093,3909,1675,205,1619,2722,1478,247
"208","27/07/2015",4756,3730,4858,1887,5210,1742,2325,2951,2584,2965,4539,2998,485,2144,3654,3555,699
"209","28/07/2015",5495,4139,5797,2091,6000,1942,2581,3227,2895,3422,4503,3279,634,2345,4087,4012,726
"210","29/07/2015",5555,4294,5982,1935,5868,1926,2454,3143,3157,3510,5419,3544,508,2386,3751,3959,700
"211","30/07/2015",4635,3389,4759,1652,5276,1508,1996,2820,1543,2986,4691,2547,529,2240,3343,3480,684
"212","31/07/2015",5486,4165,5625,1746,5846,1746,2432,2999,3309,3718,5215,3281,581,2511,3763,3555,715
"213","01/08/2015",3809,3268,4043,1084,3691,1175,1563,1539,3671,2968,4850,2124,290,1707,2517,1615,286
"214","02/08/2015",4176,3879,4438,1389,3783,1392,1916,1944,4425,3718,4663,2222,281,1706,2709,1758,267
"215","03/08/2015",3842,2866,3997,1544,4836,1392,1658,2475,1386,2828,3771,2185,428,2368,2702,3074,509
"216","04/08/2015",5689,4141,5688,2147,6384,1995,2445,3241,2591,3959,4984,3176,677,3198,3324,3950,545
"217","05/08/2015",4806,3719,5100,1981,5645,1763,2373,2959,1983,3701,5540,3029,613,2841,3098,3663,634
"218","06/08/2015",5722,3876,5456,2118,5950,1884,2366,3027,2259,3762,4978,3113,674,2938,3055,3953,611
"219","07/08/2015",4846,3782,4985,1680,5302,1593,2315,2770,2529,3511,4869,2927,578,2496,2846,3371,651
"220","08/08/2015",2593,3730,4416,1233,3789,1368,1869,1713,3534,3418,4525,2274,280,2050,2601,1639,328
"221","09/08/2015",3508,3324,3983,1126,3507,1210,1603,1743,3070,3629,4358,1981,282,1768,2355,1692,316
"222","10/08/2015",5191,4023,5373,1949,5767,1915,2455,3081,2857,3664,4642,3211,653,2520,3104,3660,665
"223","11/08/2015",1557,1322,1753,685,2033,555,579,1125,368,1393,1745,801,191,953,1360,1287,151
"224","12/08/2015",3914,2895,4188,1682,4871,1465,1426,2599,1299,3098,3848,1921,556,2135,2644,3188,407
"225","13/08/2015",5297,4147,5336,2120,5963,1741,2213,3242,2386,3954,5174,2877,586,2629,3040,3825,626
"226","14/08/2015",3154,2318,3246,1225,3504,1038,1245,1968,961,2371,3227,1783,400,1661,2132,2180,321
"227","15/08/2015",3586,3551,3909,1080,3325,1237,1513,1495,2655,2915,4132,1920,275,1677,2258,1533,265
"228","16/08/2015",3975,3468,4149,1142,3335,1301,1626,1631,3179,3511,4320,1911,279,1519,2442,1469,325
"229","17/08/2015",4999,4056,5578,2002,5588,1838,2340,3029,2449,3578,4665,3011,720,2075,3210,3300,643
"230","18/08/2015",5413,4209,5861,2036,5887,1872,2292,3141,2450,3661,4727,2978,653,2235,3203,3898,673
"231","19/08/2015",5339,4136,5716,2078,5794,1820,2328,3079,2321,3826,4720,2979,683,2177,3306,3782,570
"232","20/08/2015",5189,4198,5673,1978,5782,1774,2247,3188,2091,3682,4833,2821,555,2317,3340,3835,561
"233","21/08/2015",4857,3840,5103,1809,917,1705,1938,2834,1930,3605,4572,2534,579,2327,3066,3265,474
"234","22/08/2015",3907,3871,4324,1293,1032,1277,1706,1677,3107,3241,4576,2012,265,1896,2429,1657,308
"235","23/08/2015",3742,3816,4250,1368,914,1360,1670,1837,3394,3760,4729,1963,272,1753,2465,1671,281
"236","24/08/2015",5111,3840,5284,2225,947,1958,2269,3053,2162,3271,4662,2864,646,2186,2930,3777,525
"237","25/08/2015",6095,4641,6140,2523,148,2189,2574,3508,2738,3906,5627,3314,687,1669,3340,4131,668
"238","26/08/2015",5644,4371,6033,2658,8,2250,2468,3492,2453,4177,5513,3253,700,1462,3149,4393,633
"239","27/08/2015",5341,4203,5481,2371,4,2000,2139,3288,1743,3879,5475,2849,582,2239,3207,3876,516
"240","28/08/2015",5337,4658,5815,2376,3,2043,2364,3219,2521,4374,5478,3194,629,2758,3373,3930,570
"241","29/08/2015",3455,3629,3708,1185,4,1247,1330,1583,2485,3474,4260,1784,246,1934,2457,1795,224
"242","30/08/2015",3703,3606,4132,1349,2,1371,1498,1777,3281,3946,4510,1848,253,1803,2568,1697,264
"243","31/08/2015",5420,4273,5685,2808,14,2216,2555,3552,2174,3908,4876,2911,653,2554,3103,4320,599
"244","01/09/2015",6289,4896,6759,3334,154,2442,2780,4051,2716,4474,5937,3562,711,2953,3609,4780,644
"245","02/09/2015",5565,4317,6035,3229,440,2344,2487,3691,2540,4212,5478,3200,665,2794,3395,4540,637
"246","03/09/2015",5858,4783,6300,3254,379,2392,2547,4048,2321,4513,6035,3392,641,3011,3487,4786,646
"247","04/09/2015",5521,4394,5770,2728,148,2124,2422,3797,2222,4400,5519,3148,639,2899,3267,4519,527
"248","05/09/2015",4105,3632,4286,1143,232,1304,1581,1787,2952,3550,4520,1991,315,1878,2277,2025,270
"249","06/09/2015",3701,3163,3596,1059,139,1140,1450,1854,2757,3365,3996,1975,254,1558,1964,1805,379
"250","07/09/2015",3124,2838,3496,998,154,1147,1258,1307,3004,2496,3603,1630,216,1245,1851,1413,245
"251","08/09/2015",6194,3953,5815,2786,126,2202,2389,4063,1727,3956,5395,3081,651,2528,3118,4976,595
"252","09/09/2015",5792,3592,5132,2696,180,2010,2154,3844,1307,3655,4798,2797,729,2648,3099,4718,666
"253","10/09/2015",6886,4673,6366,3049,158,2460,2683,4414,2232,4507,6333,3492,781,3083,2498,5596,708
"254","11/09/2015",6787,4633,6326,2780,338,2336,2683,4087,2143,4642,6284,3512,671,3109,3291,4751,605
"255","12/09/2015",1641,1479,1748,836,180,618,540,860,667,1906,2303,672,109,1039,1340,1012,97
"256","13/09/2015",857,788,965,335,146,342,239,713,368,1322,1491,337,75,646,801,611,85
"257","14/09/2015",2564,1755,2593,1509,290,1085,901,2008,559,2162,2755,1231,301,1314,1736,2375,254
"258","15/09/2015",6763,4553,6233,3283,523,2423,2620,4452,2478,4713,5849,3288,748,3213,3121,5416,564
"259","16/09/2015",6810,4487,6562,3122,669,2481,2670,4396,2485,4847,5897,3394,690,3057,3278,5438,729
"260","17/09/2015",6652,4566,6322,2991,328,2490,2560,4263,2152,4687,5939,3232,732,3029,3293,5198,638
"261","18/09/2015",6391,4534,6242,2490,167,2244,2553,4025,2211,4715,5929,3254,698,2761,3155,4939,681
"262","19/09/2015",3337,2897,3425,1157,353,1159,1165,1730,2043,3184,3942,1480,246,1563,2076,1868,332
"263","20/09/2015",3042,3070,2591,1252,444,1083,1059,1706,1437,3730,4231,1482,219,1629,2071,1757,202
"264","21/09/2015",5371,3768,5474,2885,943,2185,2305,4059,1717,4149,5257,2841,729,2590,2673,4886,629
"265","22/09/2015",6228,4094,6096,2996,94,2397,2509,4270,1911,4521,5678,3159,687,2766,2878,5159,681
"266","23/09/2015",6279,4300,5959,3107,68,2334,2544,4294,1937,4688,6181,3160,720,2748,2875,5259,686
"267","24/09/2015",6520,3921,5690,2912,29,2282,2226,4247,1608,4416,5460,2919,670,2851,2792,5066,646
"268","25/09/2015",5191,3215,4756,1990,230,1896,1771,3439,1298,3713,4717,2230,568,2487,2655,4325,532
"269","26/09/2015",3155,2834,3170,1062,102,1103,1020,1592,1827,3090,3960,1299,241,1453,1902,1795,254
"270","27/09/2015",3325,3161,3717,1162,74,1158,1261,1698,2719,3706,4230,1616,199,1377,2103,1786,209
"271","28/09/2015",4313,2537,3869,2154,447,1662,1577,3164,1063,2827,3711,1935,468,2023,2163,3903,584
"272","29/09/2015",3318,1782,3012,1677,353,1281,1122,2439,578,2361,3101,1427,312,1510,1721,3066,394
"273","30/09/2015",2829,1667,2520,1477,452,997,878,2242,403,2100,2618,1163,322,1404,1639,2726,269
"274","01/10/2015",4950,2896,4352,2189,623,1695,1744,3423,1091,3425,4349,2128,516,2216,2435,3712,496
"275","02/10/2015",4092,2706,3929,1761,187,1541,1379,2878,916,3152,4284,1882,469,2076,2133,3523,432
"276","03/10/2015",2019,1975,2190,800,20,781,537,1255,721,2555,3117,684,135,1202,1547,1353,163
"277","04/10/2015",1962,1938,2095,798,13,845,640,1191,1070,2295,2753,805,131,988,1300,1207,147
"278","05/10/2015",4365,2575,4056,2175,12,1736,1630,3261,1013,3060,4025,1985,505,2067,2043,4075,518
"279","06/10/2015",4986,2900,4566,2224,53,1815,1724,3411,1291,3286,4601,2140,578,2179,2112,4211,527
"280","07/10/2015",4943,3021,4555,2314,49,1769,1761,3360,1184,3393,4493,1935,564,2202,2260,4206,533
"281","08/10/2015",4710,2943,4466,2126,316,1786,1656,3320,928,3355,4335,2031,514,2129,2026,4115,523
"282","09/10/2015",1538,938,1486,682,260,574,477,1311,160,1367,1872,642,191,932,1057,1421,156
"283","10/10/2015",1653,1437,1904,571,291,571,488,982,811,2043,2384,659,159,966,1204,1094,124
"284","11/10/2015",1574,1436,1733,585,162,567,492,899,685,1811,2121,644,126,787,1015,936,139
"285","12/10/2015",2592,2611,3105,1029,327,1058,1194,1405,2664,3013,3561,1518,223,1051,1437,1220,213
"286","13/10/2015",3457,1767,3065,1500,211,1286,1178,2477,557,2249,3125,1457,362,1507,1460,2965,410
"287","14/10/2015",4321,2407,3875,1909,380,1501,1417,3100,719,2895,3667,1836,530,1748,1801,3924,454
"288","15/10/2015",3583,2047,3274,1484,89,1075,1040,2530,501,2369,3169,1422,379,1670,1583,3043,394
"289","16/10/2015",3424,2031,3144,1294,266,1187,966,2406,600,2568,3271,1317,443,1598,1698,2984,331
"290","17/10/2015",963,1037,1167,370,689,326,293,699,129,1286,1493,329,59,615,853,726,87
"291","18/10/2015",1062,1057,1306,423,882,338,324,782,252,1436,1627,422,60,635,887,815,89
"292","19/10/2015",2717,1752,2555,955,166,1027,910,2119,445,1981,3045,1152,344,1295,1411,2529,352
"293","20/10/2015",3750,2280,3568,1322,61,1550,1276,2799,832,2550,3460,1561,398,1632,1755,3427,397
"294","21/10/2015",3717,2258,3465,1391,244,1273,1208,2774,709,2556,3546,1561,394,1717,1789,3198,383
"295","22/10/2015",3207,1723,2909,1093,85,1023,849,2191,468,2202,2925,1173,333,1317,1505,2677,333
"296","23/10/2015",3142,2034,3048,1129,143,1088,1340,2307,569,2343,3254,1311,364,1526,1614,2722,345
"297","24/10/2015",1491,1434,1750,594,168,556,536,1015,465,1888,2273,533,101,871,1201,1026,117
"298","25/10/2015",890,971,1009,448,110,344,342,646,174,1141,1462,327,65,528,805,725,81
"299","26/10/2015",3012,1930,2931,1369,230,1114,1074,2379,611,2141,3099,1368,402,1505,1540,2940,393
"300","27/10/2015",3301,2110,3222,1491,340,1216,1180,2737,761,2367,3381,1511,385,1626,1773,3184,422
"301","28/10/2015",1733,999,1643,830,198,653,631,1512,200,1301,1909,749,174,956,1050,1868,230
"302","29/10/2015",2249,1233,2014,1043,1203,789,765,1876,230,1671,2272,861,265,1076,1292,2170,275
"303","30/10/2015",2630,1746,2632,1212,121,991,960,2160,468,2127,2913,1133,328,1450,1638,2593,322
"304","31/10/2015",1396,1347,1557,478,30,506,490,913,418,1541,2049,486,113,867,1178,937,103
"305","01/11/2015",529,644,715,227,38,218,218,459,41,723,1111,179,43,410,611,446,50
"306","02/11/2015",3177,1975,2912,1457,47,1136,1096,2455,571,2228,3198,1364,351,1472,1434,2985,451
"307","03/11/2015",3738,2279,3378,1558,181,1285,1242,2630,785,2502,3511,1533,396,1678,1742,3316,441
"308","04/11/2015",3757,2351,3464,1704,33,1334,1296,2747,809,2482,3584,1606,399,1735,1823,3184,381
"309","05/11/2015",3774,2407,3513,1694,273,1334,1293,2820,804,2426,3590,1537,372,1772,1855,3313,375
"310","06/11/2015",2613,1477,2334,1025,177,879,853,1935,301,2130,2675,1016,271,1205,1430,2234,309
"311","07/11/2015",1879,1481,1838,595,343,606,593,1076,491,1719,2251,590,120,923,1215,1163,124
"312","08/11/2015",1240,1254,1470,514,151,452,436,787,334,1301,1920,367,79,704,989,812,95
"313","09/11/2015",2972,1855,2857,1327,44,1076,1043,2360,500,2370,3005,1226,321,1500,1376,2758,377
"314","10/11/2015",3385,2006,3018,1491,3663,1201,1164,2508,671,2435,3293,1449,336,1638,1640,3002,377
"315","11/11/2015",3044,1931,2828,1393,3603,1754,1142,2342,458,2328,3280,1210,338,1534,1527,2860,356
"316","12/11/2015",1751,930,1670,888,2048,700,675,1566,152,1345,1877,755,180,960,955,1777,198
"317","13/11/2015",1818,906,1711,873,2115,634,477,1522,150,1416,1980,719,204,978,1040,1727,258
"318","14/11/2015",979,759,978,322,1112,290,310,601,98,1061,1448,269,70,640,805,737,73
"319","15/11/2015",913,749,1028,348,1128,303,224,666,224,1094,1491,321,64,537,804,685,63
